OBJECTID,Province,Abbreviation,DailyTotals,SummaryDate,TotalCases,TotalRecovered,DailyRecovered,TotalDeaths,DailyDeaths,TotalTested,DailyTested,TotalActive,DailyActive,TotalHospitalized,DailyHospitalized,TotalICU,DailyICU,Labels
6,ONTARIO,ON,1,2020/01/25 12:00:00+00,1,0,0,0,0,0,0,1,1,,,,,0
17,ONTARIO,ON,0,2020/01/26 12:00:00+00,1,0,0,0,0,0,0,1,0,,,,,0
31,ONTARIO,ON,1,2020/01/27 12:00:00+00,2,0,0,0,0,0,0,2,1,,,,,0
43,ONTARIO,ON,0,2020/01/28 12:00:00+00,2,0,0,0,0,0,0,2,0,,,,,0
58,ONTARIO,ON,0,2020/01/29 12:00:00+00,2,0,0,0,0,0,0,2,0,,,,,0
76,ONTARIO,ON,0,2020/01/30 12:00:00+00,2,0,0,0,0,0,0,2,0,,,,,0
89,ONTARIO,ON,1,2020/01/31 12:00:00+00,3,0,0,0,0,0,0,3,1,,,,,0
103,ONTARIO,ON,0,2020/02/01 12:00:00+00,3,0,0,0,0,0,0,3,0,,,,,0
113,ONTARIO,ON,0,2020/02/02 12:00:00+00,3,0,0,0,0,0,0,3,0,,,,,0
128,ONTARIO,ON,0,2020/02/03 12:00:00+00,3,0,0,0,0,0,0,3,0,,,,,0
147,ONTARIO,ON,0,2020/02/04 12:00:00+00,3,0,0,0,0,0,0,3,0,,,,,0
156,ONTARIO,ON,0,2020/02/05 12:00:00+00,3,0,0,0,0,0,0,3,0,,,,,0
174,ONTARIO,ON,0,2020/02/06 12:00:00+00,3,0,0,0,0,0,0,3,0,,,,,0
187,ONTARIO,ON,0,2020/02/07 12:00:00+00,3,0,0,0,0,0,0,3,0,,,,,0
202,ONTARIO,ON,0,2020/02/08 12:00:00+00,3,0,0,0,0,0,0,3,0,,,,,0
215,ONTARIO,ON,0,2020/02/09 12:00:00+00,3,0,0,0,0,0,0,3,0,,,,,0
229,ONTARIO,ON,0,2020/02/10 12:00:00+00,3,0,0,0,0,0,0,3,0,,,,,0
239,ONTARIO,ON,0,2020/02/11 12:00:00+00,3,0,0,0,0,0,0,3,0,,,,,0
254,ONTARIO,ON,0,2020/02/12 12:00:00+00,3,1,1,0,0,0,0,2,0,,,,,0
272,ONTARIO,ON,0,2020/02/13 12:00:00+00,3,1,0,0,0,0,0,2,0,,,,,0
286,ONTARIO,ON,0,2020/02/14 12:00:00+00,3,1,0,0,0,0,0,2,0,,,,,0
300,ONTARIO,ON,0,2020/02/15 12:00:00+00,3,1,0,0,0,0,0,2,0,,,,,0
313,ONTARIO,ON,0,2020/02/16 12:00:00+00,3,1,0,0,0,0,0,2,0,,,,,0
328,ONTARIO,ON,0,2020/02/17 12:00:00+00,3,1,0,0,0,0,0,2,0,,,,,0
341,ONTARIO,ON,0,2020/02/18 12:00:00+00,3,1,0,0,0,0,0,2,0,,,,,0
355,ONTARIO,ON,0,2020/02/19 12:00:00+00,3,1,0,0,0,0,0,2,0,,,,,0
365,ONTARIO,ON,0,2020/02/20 12:00:00+00,3,2,1,0,0,0,0,1,0,,,,,0
379,ONTARIO,ON,0,2020/02/21 12:00:00+00,3,3,1,0,0,0,0,0,0,,,,,0
393,ONTARIO,ON,0,2020/02/22 12:00:00+00,3,3,0,0,0,0,0,0,0,,,,,0
408,ONTARIO,ON,1,2020/02/23 12:00:00+00,4,3,0,0,0,0,0,1,1,,,,,0
427,ONTARIO,ON,0,2020/02/24 12:00:00+00,4,3,0,0,0,0,0,1,0,,,,,0
437,ONTARIO,ON,0,2020/02/25 12:00:00+00,4,3,0,0,0,0,0,1,0,,,,,0
455,ONTARIO,ON,1,2020/02/26 12:00:00+00,5,3,0,0,0,0,0,2,1,,,,,0
469,ONTARIO,ON,1,2020/02/27 12:00:00+00,6,3,0,0,0,0,0,3,1,,,,,0
483,ONTARIO,ON,2,2020/02/28 12:00:00+00,8,3,0,0,0,0,0,5,2,,,,,0
497,ONTARIO,ON,3,2020/02/29 12:00:00+00,11,3,0,0,0,0,0,8,3,,,,,0
511,ONTARIO,ON,4,2020/03/01 12:00:00+00,15,3,0,0,0,0,0,12,4,,,,,0
520,ONTARIO,ON,0,2020/03/02 12:00:00+00,15,3,0,0,0,0,0,12,0,,,,,0
538,ONTARIO,ON,5,2020/03/03 12:00:00+00,20,3,0,0,0,0,0,17,5,,,,,0
551,ONTARIO,ON,0,2020/03/04 12:00:00+00,20,3,0,0,0,0,0,17,0,,,,,0
565,ONTARIO,ON,2,2020/03/05 12:00:00+00,22,4,1,0,0,0,0,18,1,,,,,0
575,ONTARIO,ON,6,2020/03/06 12:00:00+00,28,4,0,0,0,0,0,24,6,,,,,0
595,ONTARIO,ON,0,2020/03/07 12:00:00+00,28,4,0,0,0,0,0,24,0,,,,,0
615,ONTARIO,ON,4,2020/03/08 12:00:00+00,32,4,0,0,0,0,0,28,4,,,,,0
617,ONTARIO,ON,3,2020/03/09 12:00:00+00,35,5,1,0,0,0,0,30,2,,,,,0
635,ONTARIO,ON,2,2020/03/10 12:00:00+00,37,5,0,0,0,0,0,32,2,,,,,0
650,ONTARIO,ON,5,2020/03/11 12:00:00+00,42,5,0,1,1,0,0,36,4,,,,,0
664,ONTARIO,ON,17,2020/03/12 12:00:00+00,59,5,0,1,0,0,0,53,17,,,,,0
679,ONTARIO,ON,20,2020/03/13 12:00:00+00,79,5,0,1,0,0,0,73,20,,,,,0
693,ONTARIO,ON,24,2020/03/14 12:00:00+00,103,5,0,1,0,0,0,97,24,,,,,0
707,ONTARIO,ON,42,2020/03/15 12:00:00+00,145,5,0,1,0,8465,8465,139,42,,,,,0
721,ONTARIO,ON,32,2020/03/16 12:00:00+00,177,5,0,1,0,10178,1713,171,32,,,,,1
735,ONTARIO,ON,12,2020/03/17 12:00:00+00,189,5,0,1,0,11171,993,183,12,,,,,1
743,ONTARIO,ON,25,2020/03/18 12:00:00+00,214,5,0,1,0,13897,2726,208,25,,,,,1
763,ONTARIO,ON,44,2020/03/19 12:00:00+00,258,5,0,2,1,16650,2753,251,43,,,,,1
771,ONTARIO,ON,60,2020/03/20 12:00:00+00,318,5,0,2,0,19511,2861,311,60,,,,,1
786,ONTARIO,ON,59,2020/03/21 12:00:00+00,377,6,1,3,1,23384,3873,368,57,,,,,1
805,ONTARIO,ON,48,2020/03/22 12:00:00+00,425,8,2,6,3,26420,3036,411,43,,,,,1
814,ONTARIO,ON,78,2020/03/23 12:00:00+00,503,8,0,6,0,28506,2086,489,78,,,,,1
832,ONTARIO,ON,85,2020/03/24 12:00:00+00,588,8,0,8,2,32457,3951,572,83,,,,,1
845,ONTARIO,ON,100,2020/03/25 12:00:00+00,688,8,0,13,5,35635,3178,667,95,,,,,0
860,ONTARIO,ON,170,2020/03/26 12:00:00+00,858,8,0,15,2,38550,2915,835,168,,,,,0
873,ONTARIO,ON,135,2020/03/27 12:00:00+00,993,8,0,18,3,41032,2482,967,132,,,,,0
887,ONTARIO,ON,151,2020/03/28 12:00:00+00,1144,8,0,18,0,43072,2040,1117,150,,,,,2
897,ONTARIO,ON,211,2020/03/29 12:00:00+00,1355,8,0,19,1,49186,3057,1324,207,,,,,2
912,ONTARIO,ON,351,2020/03/30 12:00:00+00,1706,431,423,33,14,49186,3057,1241,-83,,,,,2
930,ONTARIO,ON,260,2020/03/31 12:00:00+00,1966,534,103,33,0,51629,2443,1374,133,,,,,2
943,ONTARIO,ON,426,2020/04/01 12:00:00+00,2392,689,155,37,4,57874,6245,2091,717,,,,,2
957,ONTARIO,ON,401,2020/04/02 12:00:00+00,2793,831,142,53,16,62733,4859,2372,281,,,,,2
967,ONTARIO,ON,462,2020/04/03 12:00:00+00,3255,1023,192,67,14,66753,4020,2560,188,,,,,2
982,ONTARIO,ON,375,2020/04/04 12:00:00+00,3630,1219,196,94,27,71338,4585,2669,109,,,,,2
1000,ONTARIO,ON,408,2020/04/05 12:00:00+00,4038,1449,230,119,25,75046,3708,2851,182,,,,,2
1013,ONTARIO,ON,309,2020/04/06 12:00:00+00,4347,1624,175,132,13,78796,3750,3061,210,,,,,2
1027,ONTARIO,ON,379,2020/04/07 12:00:00+00,4726,1802,178,153,21,81364,2568,3404,343,,,,,2
1042,ONTARIO,ON,550,2020/04/08 12:00:00+00,5276,2074,272,174,21,84601,3237,3557,153,,,,,2
1062,ONTARIO,ON,483,2020/04/09 12:00:00+00,5759,2305,231,200,26,88698,4097,3254,263,632,632,478,478,2
1104,ONTARIO,ON,478,2020/04/10 12:00:00+00,6237,2574,269,222,22,94271,5573,3441,187,673,41,477,-1,2
1118,ONTARIO,ON,411,2020/04/11 12:00:00+00,6648,2858,284,253,31,96321,2050,3537,96,691,18,472,-5,2
1132,ONTARIO,ON,401,2020/04/12 12:00:00+00,7049,3121,263,274,21,103165,6844,3654,117,738,47,457,-15,2
1160,ONTARIO,ON,421,2020/04/13 12:00:00+00,7470,3357,236,291,17,108230,5065,3822,168,760,22,466,9,2
1174,ONTARIO,ON,483,2020/04/14 12:00:00+00,7953,3568,211,334,43,113082,4852,4051,229,769,9,255,-211,2
1269,ONTARIO,ON,494,2020/04/15 12:00:00+00,8447,3902,334,385,51,119029,5947,4160,109,795,26,254,-1,2
1284,ONTARIO,ON,514,2020/04/16 12:00:00+00,8961,4194,292,423,38,128093,9064,4344,184,807,12,248,-6,2
1299,ONTARIO,ON,564,2020/04/17 12:00:00+00,9525,4556,362,478,55,136992,8899,4491,147,829,22,245,-3,2
1314,ONTARIO,ON,485,2020/04/18 12:00:00+00,10010,4875,319,514,36,146454,9462,4621,130,828,-1,250,5,2
1329,ONTARIO,ON,568,2020/04/19 12:00:00+00,10578,5209,334,553,39,156097,9643,4816,195,809,-19,247,-3,2
1359,ONTARIO,ON,606,2020/04/20 12:00:00+00,11184,5515,306,584,31,164840,8743,5085,269,802,-7,247,0,2
1374,ONTARIO,ON,551,2020/04/21 12:00:00+00,11735,5806,291,622,38,174170,9330,5307,222,859,57,250,3,2
1389,ONTARIO,ON,510,2020/04/22 12:00:00+00,12245,6221,415,659,37,184531,10361,5365,58,878,19,243,-7,2
1404,ONTARIO,ON,634,2020/04/23 12:00:00+00,12879,6680,459,713,54,194745,10214,5486,121,887,9,233,-10,2
1419,ONTARIO,ON,640,2020/04/24 12:00:00+00,13519,7087,407,763,50,207040,12295,5669,183,910,23,243,10,2
1434,ONTARIO,ON,476,2020/04/25 12:00:00+00,13995,7509,422,811,48,217618,10578,5675,6,925,15,245,2,2
1449,ONTARIO,ON,437,2020/04/26 12:00:00+00,14432,8000,491,835,24,229638,12020,5597,-78,938,13,252,7,2
1464,ONTARIO,ON,424,2020/04/27 12:00:00+00,14856,8525,525,892,57,242188,12550,5439,-158,945,7,241,-11,2
1479,ONTARIO,ON,525,2020/04/28 12:00:00+00,15381,8964,439,951,59,253040,10852,5466,27,957,12,239,-2,2
1494,ONTARIO,ON,347,2020/04/29 12:00:00+00,15728,9612,648,996,45,264594,11554,5120,-346,977,20,235,-4,2
1509,ONTARIO,ON,459,2020/04/30 12:00:00+00,16187,10205,593,1082,86,277522,12928,4900,-220,999,22,233,-2,2
1524,ONTARIO,ON,421,2020/05/01 12:00:00+00,16608,10825,620,1121,39,294054,16532,4662,-238,1017,18,225,-8,2
1539,ONTARIO,ON,511,2020/05/02 12:00:00+00,17119,11390,565,1176,55,310359,16305,4553,-109,977,-40,221,-4,2
1554,ONTARIO,ON,434,2020/05/03 12:00:00+00,17553,12005,615,1216,40,327505,17146,4332,-221,1010,33,232,11,2
1569,ONTARIO,ON,370,2020/05/04 12:00:00+00,17923,12505,500,1300,84,342060,14555,4118,-214,984,-26,225,-7,2
1628,ONTARIO,ON,387,2020/05/05 12:00:00+00,18310,12779,274,1361,61,352714,10654,4170,52,1043,59,223,-2,2
1643,ONTARIO,ON,412,2020/05/06 12:00:00+00,18722,13222,443,1429,68,365675,12961,4071,-99,1032,-11,219,-4,2
1658,ONTARIO,ON,399,2020/05/07 12:00:00+00,19121,13569,347,1477,48,380854,15179,4075,4,1033,1,220,1,2
1673,ONTARIO,ON,477,2020/05/08 12:00:00+00,19598,13990,421,1540,63,397149,16295,4068,-7,1028,-5,213,-7,2
1688,ONTARIO,ON,346,2020/05/09 12:00:00+00,19944,14383,393,1599,59,416376,19227,3962,-106,1016,-12,203,-10,2
1703,ONTARIO,ON,294,2020/05/10 12:00:00+00,20238,14772,389,1634,35,433994,17618,3832,-130,961,-55,195,-8,2
1718,ONTARIO,ON,308,2020/05/11 12:00:00+00,20546,15131,359,1669,35,447964,13970,3746,-86,1027,66,194,-1,2
1733,ONTARIO,ON,361,2020/05/12 12:00:00+00,20907,15391,260,1725,56,459921,11957,3791,45,1025,-2,192,-2,2
1748,ONTARIO,ON,329,2020/05/13 12:00:00+00,21236,15845,454,1765,40,475058,15137,3626,-165,1018,-7,189,-3,2
1763,ONTARIO,ON,258,2020/05/14 12:00:00+00,21494,16204,359,1798,33,492487,17429,3492,-134,1026,8,184,-5,2
1778,ONTARIO,ON,428,2020/05/15 12:00:00+00,21922,16641,437,1825,27,510841,18354,3456,-36,986,-40,179,-5,2
1793,ONTARIO,ON,391,2020/05/16 12:00:00+00,22313,17020,379,1858,33,528609,17768,3435,-21,975,-11,180,1,2
1808,ONTARIO,ON,340,2020/05/17 12:00:00+00,22653,17360,340,1881,23,544826,16217,3412,-23,934,-41,171,-9,2
1823,ONTARIO,ON,304,2020/05/18 12:00:00+00,22957,17638,278,1904,23,553981,9155,3415,3,972,38,174,3,2
1853,ONTARIO,ON,427,2020/05/19 12:00:00+00,23384,17898,260,1919,15,559794,5813,3567,152,987,15,167,-7,2
1868,ONTARIO,ON,390,2020/05/20 12:00:00+00,23774,18190,292,1962,43,567176,7382,3622,55,991,4,160,-7,3
1883,ONTARIO,ON,413,2020/05/21 12:00:00+00,24187,18509,319,1993,31,577682,10506,3745,123,984,-7,155,-5,3
1898,ONTARIO,ON,441,2020/05/22 12:00:00+00,24628,18767,258,2021,28,588958,11276,3840,155,961,-23,153,-2,3
1913,ONTARIO,ON,412,2020/05/23 12:00:00+00,25040,19146,379,2048,27,599986,11028,3846,6,912,-49,147,-6,3
1928,ONTARIO,ON,460,2020/05/24 12:00:00+00,25500,19477,331,2073,25,611369,11383,3950,104,878,-34,148,1,3
1943,ONTARIO,ON,404,2020/05/25 12:00:00+00,25904,19698,221,2102,29,619539,8170,4104,154,859,-19,148,0,3
1958,ONTARIO,ON,287,2020/05/26 12:00:00+00,26191,19958,260,2123,21,629414,9875,4110,6,848,-11,143,-5,3
1973,ONTARIO,ON,292,2020/05/27 12:00:00+00,26483,20372,414,2155,32,644547,15133,3956,-154,847,-1,150,7,3
1988,ONTARIO,ON,383,2020/05/28 12:00:00+00,26866,20673,301,2189,34,662162,17615,4004,48,833,-14,137,-13,3
2003,ONTARIO,ON,344,2020/05/29 12:00:00+00,27210,20983,310,2230,41,680687,18525,3997,-7,826,-7,129,-8,3
2018,ONTARIO,ON,323,2020/05/30 12:00:00+00,27533,21353,370,2247,17,701327,20640,3933,-64,801,-25,121,-8,3
2033,ONTARIO,ON,326,2020/05/31 12:00:00+00,27859,21810,457,2266,19,718341,17014,3783,-150,781,-20,118,-3,3
2048,ONTARIO,ON,404,2020/06/01 12:00:00+00,28263,22153,343,2276,10,732720,14379,3834,51,781,0,118,0,3
2063,ONTARIO,ON,446,2020/06/02 12:00:00+00,28709,22484,331,2293,17,747964,15244,3932,98,801,20,125,7,3
2078,ONTARIO,ON,338,2020/06/03 12:00:00+00,29047,22811,327,2312,19,765501,17537,3924,-8,791,-10,127,2,3
2093,ONTARIO,ON,356,2020/06/04 12:00:00+00,29403,23208,397,2357,45,786323,20822,3838,-86,776,-15,121,-6,3
2108,ONTARIO,ON,344,2020/06/05 12:00:00+00,29747,23583,375,2372,15,809053,22730,3792,-46,749,-27,118,-3,3
2123,ONTARIO,ON,455,2020/06/06 12:00:00+00,30202,23947,364,2407,35,832158,23105,3848,56,673,-76,117,-1,3
2138,ONTARIO,ON,415,2020/06/07 12:00:00+00,30617,24252,305,2426,19,851532,19374,3939,91,635,-38,117,0,3
2153,ONTARIO,ON,243,2020/06/08 12:00:00+00,30860,24492,240,2450,24,866889,15357,3918,-21,603,-32,118,1,3
2168,ONTARIO,ON,230,2020/06/09 12:00:00+00,31090,24829,337,2464,14,880398,13509,3797,-121,600,-3,116,-2,3
2183,ONTARIO,ON,251,2020/06/10 12:00:00+00,31341,25380,551,2475,11,900339,19941,3486,-311,580,-20,118,2,3
2198,ONTARIO,ON,203,2020/06/11 12:00:00+00,31544,25885,505,2487,12,924860,24521,3172,-314,538,-42,120,2,3
2213,ONTARIO,ON,182,2020/06/12 12:00:00+00,31726,26187,302,2498,11,953015,28155,3041,-131,527,-11,114,-6,3
2243,ONTARIO,ON,266,2020/06/13 12:00:00+00,31992,26538,351,2507,9,980471,27456,2947,-94,489,-38,110,-4,3
2258,ONTARIO,ON,197,2020/06/14 12:00:00+00,32189,26961,423,2519,12,1003749,23278,2709,-238,438,-51,103,-7,3
2273,ONTARIO,ON,181,2020/06/15 12:00:00+00,32370,27213,252,2527,8,1025500,21751,2630,-79,419,-19,104,1,3
2288,ONTARIO,ON,184,2020/06/16 12:00:00+00,32554,27431,218,2538,11,1047224,21724,2585,-45,413,-6,98,-6,3
2303,ONTARIO,ON,190,2020/06/17 12:00:00+00,32744,27784,353,2550,12,1071429,24205,2410,-175,383,-30,92,-6,3
2318,ONTARIO,ON,173,2020/06/18 12:00:00+00,32917,28004,220,2553,3,1096707,25278,2360,-50,351,-32,84,-8,4
2333,ONTARIO,ON,178,2020/06/19 12:00:00+00,33095,28250,246,2564,11,1123932,27225,2281,-79,331,-20,82,-2,4
2348,ONTARIO,ON,206,2020/06/20 12:00:00+00,33301,28468,218,2595,31,1151319,27387,2238,-43,333,2,80,-2,4
2363,ONTARIO,ON,175,2020/06/21 12:00:00+00,33476,28719,251,2606,11,1174727,23408,2151,-87,286,-47,86,6,4
2378,ONTARIO,ON,161,2020/06/22 12:00:00+00,33637,28933,214,2609,3,1196627,21900,2095,-56,265,-21,76,-10,4
2393,ONTARIO,ON,216,2020/06/23 12:00:00+00,33853,29107,174,2619,10,1212816,16189,2127,32,288,23,75,-1,4
2408,ONTARIO,ON,163,2020/06/24 12:00:00+00,34016,29336,229,2631,12,1236023,23207,2049,-78,278,-10,73,-2,4
2423,ONTARIO,ON,189,2020/06/25 12:00:00+00,34205,29528,192,2641,10,1263534,27511,2036,-13,270,-8,69,-4,4
2438,ONTARIO,ON,111,2020/06/26 12:00:00+00,34316,29754,226,2644,3,1294314,30780,1918,-118,256,-14,61,-8,4
2453,ONTARIO,ON,160,2020/06/27 12:00:00+00,34476,29932,178,2652,8,1327806,33492,1892,-26,252,-4,54,-7,4
2468,ONTARIO,ON,178,2020/06/28 12:00:00+00,34654,30107,175,2658,6,1356439,28633,1889,-3,214,-38,51,-3,4
2483,ONTARIO,ON,257,2020/06/29 12:00:00+00,34911,30196,89,2665,7,1383566,27127,2050,161,232,18,46,-5,4
2498,ONTARIO,ON,157,2020/06/30 12:00:00+00,35068,30344,148,2672,7,1407325,23759,2052,2,213,-19,42,-4,4
2513,ONTARIO,ON,149,2020/07/01 12:00:00+00,35217,30526,182,2672,0,1407325,0,2052,0,213,0,42,0,4
2528,ONTARIO,ON,153,2020/07/02 12:00:00+00,35370,30730,204,2680,8,1457703,50378,1960,-92,119,-94,40,-2,4
2558,ONTARIO,ON,165,2020/07/03 12:00:00+00,35535,30909,179,2682,2,1481897,24194,1944,-16,155,36,40,0,4
2573,ONTARIO,ON,121,2020/07/04 12:00:00+00,35656,31083,174,2687,5,1503322,21425,1886,-58,150,-5,39,-1,4
2618,ONTARIO,ON,138,2020/07/05 12:00:00+00,35794,31266,183,2689,2,1527114,23792,1839,-47,139,-11,39,0,4
2633,ONTARIO,ON,154,2020/07/06 12:00:00+00,35948,31426,160,2689,0,1544417,17303,1833,-6,118,-21,36,-3,4
2648,ONTARIO,ON,112,2020/07/07 12:00:00+00,36060,31603,177,2691,2,1559529,15112,1766,-67,131,13,34,-2,4
2663,ONTARIO,ON,118,2020/07/08 12:00:00+00,36178,31805,202,2700,9,1582361,22832,1673,-93,123,-8,35,1,4
2678,ONTARIO,ON,170,2020/07/09 12:00:00+00,36348,31977,172,2703,3,1608687,26326,1668,-5,123,0,31,-4,4
2693,ONTARIO,ON,116,2020/07/10 12:00:00+00,36464,32155,178,2710,7,1636171,27484,1599,-69,117,-6,34,3,4
2708,ONTARIO,ON,130,2020/07/11 12:00:00+00,36594,32422,267,2716,6,1665693,29522,1456,-143,128,11,31,-3,4
2723,ONTARIO,ON,129,2020/07/12 12:00:00+00,36723,32534,112,2719,3,1691419,25726,1470,14,116,-12,29,-2,4
2738,ONTARIO,ON,116,2020/07/13 12:00:00+00,36839,32663,129,2722,3,1712315,20896,1454,-16,104,-12,28,-1,4
2753,ONTARIO,ON,111,2020/07/14 12:00:00+00,36950,32785,122,2723,1,1729059,16744,1442,-12,137,33,30,2,4
2768,ONTARIO,ON,102,2020/07/15 12:00:00+00,37052,32920,135,2732,9,1752828,23769,1400,-42,115,-22,31,1,4
2783,ONTARIO,ON,111,2020/07/16 12:00:00+00,37163,33061,141,2737,5,1779320,26492,1365,-35,107,-8,26,-5,4
2798,ONTARIO,ON,111,2020/07/17 12:00:00+00,37274,33162,101,2746,9,1810483,31163,1366,1,108,1,30,4,4
2813,ONTARIO,ON,166,2020/07/18 12:00:00+00,37440,33294,132,2748,2,1839332,28849,1398,32,105,-3,33,3,4
2828,ONTARIO,ON,164,2020/07/19 12:00:00+00,37604,33407,113,2751,3,1866222,26890,1446,48,101,-4,34,1,4
2843,ONTARIO,ON,135,2020/07/20 12:00:00+00,37739,33513,106,2752,1,1887135,20913,1474,28,115,14,37,3,4
2858,ONTARIO,ON,203,2020/07/21 12:00:00+00,37942,33605,92,2753,1,1910109,22974,1584,110,120,5,33,-4,4
2873,ONTARIO,ON,165,2020/07/22 12:00:00+00,38107,33812,207,2755,2,1934099,23990,1540,-44,128,8,37,4,4
2888,ONTARIO,ON,103,2020/07/23 12:00:00+00,38210,33963,151,2755,0,1960100,26001,1492,-48,154,26,35,-2,4
2903,ONTARIO,ON,195,2020/07/24 12:00:00+00,38405,34100,137,2758,3,1989909,29809,1547,55,141,-13,31,-4,4
2918,ONTARIO,ON,138,2020/07/25 12:00:00+00,38543,34240,140,2759,1,2018813,28904,1544,-3,97,-44,30,-1,4
2933,ONTARIO,ON,137,2020/07/26 12:00:00+00,38680,34359,119,2763,4,2044957,26144,1558,14,87,-10,29,-1,4
2948,ONTARIO,ON,119,2020/07/27 12:00:00+00,38799,34461,102,2764,1,2069621,24664,1574,16,82,-5,30,1,4
2963,ONTARIO,ON,111,2020/07/28 12:00:00+00,38910,34567,106,2768,4,2086955,17334,1575,1,96,14,31,1,4
2993,ONTARIO,ON,76,2020/07/29 12:00:00+00,38986,34741,174,2769,1,2114263,27308,1476,-99,91,-5,28,-3,4
3008,ONTARIO,ON,89,2020/07/30 12:00:00+00,39075,34906,165,2772,3,2141939,27676,1397,-79,84,-7,27,-1,4
3023,ONTARIO,ON,134,2020/07/31 12:00:00+00,39209,35074,168,2775,3,2171972,30033,1360,-37,78,-6,29,2,4
3038,ONTARIO,ON,124,2020/08/01 12:00:00+00,39333,35237,163,2777,2,2205254,33282,1319,-41,73,-5,27,-2,4
3053,ONTARIO,ON,116,2020/08/02 12:00:00+00,39449,35359,122,2778,1,2235697,30443,1312,-7,72,-1,26,-1,4
3068,ONTARIO,ON,88,2020/08/03 12:00:00+00,39587,35475,116,2778,0,2235697,0,1312,0,72,0,26,0,4
3083,ONTARIO,ON,91,2020/08/04 12:00:00+00,39628,35601,126,2782,4,2277887,42190,1245,-67,78,6,28,2,4
3098,ONTARIO,ON,86,2020/08/05 12:00:00+00,39714,35747,146,2782,0,2295116,17229,1185,-60,66,-12,30,2,4
3113,ONTARIO,ON,95,2020/08/06 12:00:00+00,39809,35906,159,2783,1,2321297,26181,1120,-65,71,5,29,-1,4
3128,ONTARIO,ON,88,2020/08/07 12:00:00+00,39897,36024,118,2783,0,2346433,25136,1090,-30,66,-5,28,-1,4
3143,ONTARIO,ON,70,2020/08/08 12:00:00+00,39967,36131,107,2784,1,2372441,26008,1052,-38,53,-13,27,-1,4
3173,ONTARIO,ON,79,2020/08/09 12:00:00+00,40046,36279,148,2784,0,2400212,27771,983,-69,55,2,26,-1,4
3188,ONTARIO,ON,115,2020/08/10 12:00:00+00,40161,36381,102,2786,2,2422487,22275,994,11,49,-6,25,-1,4
3203,ONTARIO,ON,33,2020/08/11 12:00:00+00,40194,36456,75,2786,0,2444068,21581,952,-42,60,11,21,-4,0
3218,ONTARIO,ON,95,2020/08/12 12:00:00+00,40289,36590,134,2787,1,2468640,24572,912,-40,49,-11,20,-1,0
3233,ONTARIO,ON,78,2020/08/13 12:00:00+00,40367,36689,99,2787,0,2498266,29626,891,-21,43,-6,20,0,0
3248,ONTARIO,ON,92,2020/08/14 12:00:00+00,40459,36772,83,2788,1,2528403,30137,899,8,41,-2,17,-3,0
3263,ONTARIO,ON,106,2020/08/15 12:00:00+00,40565,36873,101,2789,1,2558839,30436,903,4,39,-2,17,0,0
3278,ONTARIO,ON,81,2020/08/16 12:00:00+00,40646,36953,80,2789,0,2582652,23813,904,1,37,-2,18,1,0
3293,ONTARIO,ON,99,2020/08/17 12:00:00+00,40745,37036,83,2789,0,2608219,25567,920,16,32,-5,16,-2,0
3308,ONTARIO,ON,125,2020/08/18 12:00:00+00,40870,37126,90,2793,4,2631286,23067,951,31,41,9,15,-1,0
3323,ONTARIO,ON,102,2020/08/19 12:00:00+00,40972,37215,89,2792,-1,2656928,25642,965,14,42,1,15,0,0
3338,ONTARIO,ON,76,2020/08/20 12:00:00+00,41048,37291,76,2793,1,2682845,25917,964,1,35,-7,15,0,0
3353,ONTARIO,ON,131,2020/08/21 12:00:00+00,41179,37397,106,2796,3,2710918,28073,986,22,35,0,13,-2,0
3368,ONTARIO,ON,108,2020/08/22 12:00:00+00,41287,37487,90,2797,1,2739574,28656,1003,17,40,5,13,0,0
3383,ONTARIO,ON,115,2020/08/23 12:00:00+00,41402,37595,108,2797,0,2762958,23384,1010,7,41,1,11,-2,0
3398,ONTARIO,ON,105,2020/08/24 12:00:00+00,41507,37673,78,2798,1,2781748,18790,1036,26,40,-1,12,1,0
3413,ONTARIO,ON,100,2020/08/25 12:00:00+00,41607,37748,75,2800,2,2801761,20013,1059,23,39,-1,13,1,0
3428,ONTARIO,ON,88,2020/08/26 12:00:00+00,41695,37863,115,2802,2,2823721,21960,1030,-29,43,4,15,2,0
3443,ONTARIO,ON,118,2020/08/27 12:00:00+00,41813,37940,77,2803,1,2852346,28625,1070,40,48,5,18,3,0
3458,ONTARIO,ON,122,2020/08/28 12:00:00+00,41935,38023,83,2809,6,2884169,31823,1103,33,61,13,18,0,0
3473,ONTARIO,ON,148,2020/08/29 12:00:00+00,42083,38126,103,2809,0,2916275,32106,1148,45,51,-10,17,-1,0
3488,ONTARIO,ON,112,2020/08/30 12:00:00+00,42195,38126,0,2810,1,2941245,24970,1259,111,51,0,20,3,0
3503,ONTARIO,ON,114,2020/08/31 12:00:00+00,42309,38277,151,2811,1,2966343,25098,1221,-38,49,-2,18,-2,0
3518,ONTARIO,ON,112,2020/09/01 12:00:00+00,42421,38369,92,2812,1,2989888,23545,1240,19,65,16,17,-1,0
3533,ONTARIO,ON,133,2020/09/02 12:00:00+00,42554,38506,137,2812,0,3013892,24004,1236,-4,60,-5,13,-4,0
3548,ONTARIO,ON,132,2020/09/03 12:00:00+00,42686,38625,119,2812,0,3040190,26298,1249,13,60,0,12,-1,0
3563,ONTARIO,ON,148,2020/09/04 12:00:00+00,42834,38741,116,2811,-1,3094726,54536,1282,33,66,6,13,1,0
3578,ONTARIO,ON,169,2020/09/05 12:00:00+00,43003,38847,106,2811,0,3120810,26084,1345,63,58,-8,14,1,0
3593,ONTARIO,ON,158,2020/09/06 12:00:00+00,43161,38958,111,2813,2,3144106,23296,1390,45,52,-6,15,1,0
3608,ONTARIO,ON,190,2020/09/07 04:00:00+00,43351,39077,119,2813,0,3144106,0,1390,0,52,0,15,0,0
3623,ONTARIO,ON,185,2020/09/08 12:00:00+00,43536,39196,119,2813,0,3171062,26956,1527,137,54,2,17,2,0
3638,ONTARIO,ON,149,2020/09/09 12:00:00+00,43685,39332,136,2813,0,3188667,17605,1540,13,55,1,15,-2,0
3653,ONTARIO,ON,170,2020/09/10 12:00:00+00,43855,39474,142,2814,1,3213336,24669,1567,27,54,-1,14,-1,0
3668,ONTARIO,ON,213,2020/09/11 12:00:00+00,44068,39598,124,2813,-1,3245837,32501,1657,90,49,-5,18,4,0
3683,ONTARIO,ON,232,2020/09/12 12:00:00+00,44300,39717,119,2814,1,3281455,35618,1769,112,43,-6,12,-6,0
3698,ONTARIO,ON,204,2020/09/13 12:00:00+00,44504,39841,124,2815,1,3312598,31143,1848,79,39,-4,14,2,0
3728,ONTARIO,ON,313,2020/09/14 12:00:00+00,44817,39974,133,2816,1,3342138,29540,2027,179,47,8,17,3,0
3743,ONTARIO,ON,251,2020/09/15 12:00:00+00,45068,40091,117,2820,4,3369802,27664,2157,130,47,0,19,2,0
3758,ONTARIO,ON,315,2020/09/16 12:00:00+00,45383,40245,154,2822,2,3398563,28761,2316,159,44,-3,20,1,0
3773,ONTARIO,ON,293,2020/09/17 12:00:00+00,45676,40424,179,2825,3,3433697,35134,2427,111,53,9,21,1,0
3788,ONTARIO,ON,401,2020/09/18 12:00:00+00,46077,40600,176,2825,0,3469523,35826,2652,225,58,5,20,-1,0
3803,ONTARIO,ON,407,2020/09/19 12:00:00+00,46484,40777,177,2826,1,3508463,38940,2881,229,64,6,20,0,0
3818,ONTARIO,ON,365,2020/09/20 12:00:00+00,46849,40968,191,2827,1,3548590,40127,3054,173,63,-1,23,3,0
3833,ONTARIO,ON,425,2020/09/21 12:00:00+00,47274,41146,178,2829,2,3612832,64242,3299,245,65,2,22,-1,0
3848,ONTARIO,ON,478,2020/09/22 12:00:00+00,47752,41342,196,2832,3,3614544,1712,3578,279,82,17,24,2,0
3863,ONTARIO,ON,335,2020/09/23 12:00:00+00,48087,41600,258,2835,3,3649980,35436,3652,74,88,6,24,0,0
3878,ONTARIO,ON,409,2020/09/24 12:00:00+00,48496,41886,286,2836,1,3680614,30634,3774,122,88,0,27,3,0
3893,ONTARIO,ON,409,2020/09/25 12:00:00+00,48905,42169,283,2837,1,3722479,41865,3899,125,87,-1,25,-2,0
3908,ONTARIO,ON,435,2020/09/26 12:00:00+00,49340,42507,338,2837,0,3765717,43238,3996,97,100,13,28,3,0
3923,ONTARIO,ON,491,2020/09/27 12:00:00+00,49831,42796,289,2839,2,3808226,42509,4196,200,112,12,28,0,0
3938,ONTARIO,ON,700,2020/09/28 12:00:00+00,50531,43127,331,2840,1,3849337,41111,4564,368,128,16,29,1,0
3953,ONTARIO,ON,554,2020/09/29 12:00:00+00,51085,43450,323,2844,4,3887712,38375,4791,227,137,9,30,1,0
3968,ONTARIO,ON,625,2020/09/30 12:00:00+00,51710,43907,457,2848,4,3923465,35753,4955,164,150,13,35,5,0
3983,ONTARIO,ON,538,2020/10/01 12:00:00+00,52248,44422,515,2851,3,3963111,39646,4975,20,162,12,36,1,0
3998,ONTARIO,ON,732,2020/10/02 12:00:00+00,52980,44850,428,2927,76,4003204,40093,5203,228,167,5,38,2,0
4013,ONTARIO,ON,653,2020/10/03 12:00:00+00,53633,45285,435,2968,41,4049458,46254,5380,177,155,-12,41,3,0
4028,ONTARIO,ON,566,2020/10/04 12:00:00+00,54199,45819,534,2975,7,4089119,39661,5405,25,169,14,41,0,0
4043,ONTARIO,ON,615,2020/10/05 12:00:00+00,54814,46360,541,2980,5,4127315,38196,5474,69,176,7,44,3,0
4058,ONTARIO,ON,548,2020/10/06 12:00:00+00,55362,46906,546,2987,7,4169346,42031,5469,-5,192,16,41,-3,0
4073,ONTARIO,ON,583,2020/10/07 12:00:00+00,55945,47613,707,2988,1,4212623,43277,5344,-125,195,3,43,2,0
4088,ONTARIO,ON,797,2020/10/08 12:00:00+00,56742,48308,695,2992,4,4261111,48488,5442,98,206,11,47,4,0
4103,ONTARIO,ON,939,2020/10/09 12:00:00+00,57681,49032,724,2997,5,4306025,44914,5652,210,225,19,47,0,0
4118,ONTARIO,ON,809,2020/10/10 12:00:00+00,58490,49732,700,3004,7,4350323,44298,5754,102,213,-12,48,1,0
4133,ONTARIO,ON,649,2020/10/11 12:00:00+00,59139,50437,705,3005,1,4394461,44138,5697,-57,217,4,51,3,0
4148,ONTARIO,ON,807,2020/10/12 12:00:00+00,59946,51105,668,3005,0,4394461,0,5697,0,217,0,51,0,0
4163,ONTARIO,ON,746,2020/10/13 12:00:00+00,60692,51729,624,3017,12,4462167,67706,5946,249,203,-14,53,2,0
4178,ONTARIO,ON,721,2020/10/14 12:00:00+00,61413,52512,783,3017,0,4494373,32206,5884,-62,231,28,64,11,0
4193,ONTARIO,ON,783,2020/10/15 12:00:00+00,62196,53291,779,3022,5,4534334,39961,5883,-1,253,22,62,-2,0
4208,ONTARIO,ON,712,2020/10/16 12:00:00+00,62908,54004,713,3031,9,4572841,38507,5873,-10,261,8,67,5,0
4223,ONTARIO,ON,805,2020/10/17 12:00:00+00,63713,54686,682,3041,10,4617563,44722,5986,113,278,17,72,5,0
4238,ONTARIO,ON,658,2020/10/18 12:00:00+00,64371,55371,685,3046,5,4658413,40850,5954,-32,247,-31,71,-1,0
4253,ONTARIO,ON,704,2020/10/19 12:00:00+00,65075,55978,607,3050,4,4690277,31864,6047,93,252,5,69,-2,0
4268,ONTARIO,ON,821,2020/10/20 12:00:00+00,65896,56606,628,3053,3,4714326,24049,6237,190,274,22,72,3,0
4283,ONTARIO,ON,790,2020/10/21 12:00:00+00,66686,57325,719,3062,9,4746972,32646,6299,62,260,-14,71,-1,0
4298,ONTARIO,ON,841,2020/10/22 12:00:00+00,67527,58066,741,3071,9,4785832,38860,6390,91,270,10,74,3,0
4328,ONTARIO,ON,826,2020/10/23 12:00:00+00,68353,58799,733,3080,9,4825851,40019,6474,84,276,6,78,4,0
4343,ONTARIO,ON,978,2020/10/24 12:00:00+00,69331,59424,625,3086,6,4870002,44151,6821,347,294,18,82,4,0
4358,ONTARIO,ON,1042,2020/10/25 12:00:00+00,70373,60160,736,3093,7,4908771,38769,7120,299,278,-16,54,-28,0
4373,ONTARIO,ON,851,2020/10/26 12:00:00+00,71224,60839,679,3099,6,4937423,28652,7286,166,295,17,78,24,0
4388,ONTARIO,ON,827,2020/10/27 12:00:00+00,72051,61530,691,3103,4,4961368,23945,7418,132,312,17,75,-3,0
4403,ONTARIO,ON,834,2020/10/28 12:00:00+00,72885,62303,773,3108,5,4991378,30010,7474,56,312,0,71,-4,0
4418,ONTARIO,ON,934,2020/10/29 12:00:00+00,73819,63123,820,3118,10,5026999,35621,7578,104,322,10,77,6,0
4433,ONTARIO,ON,896,2020/10/30 12:00:00+00,74715,63919,796,3127,9,5068007,41008,7669,91,314,-8,75,-2,0
4448,ONTARIO,ON,1015,2020/10/31 12:00:00+00,75730,64717,798,3136,9,5109927,41920,7877,208,320,6,73,-2,0
4463,ONTARIO,ON,977,2020/11/01 12:00:00+00,76707,65581,864,3145,9,5147060,37133,7981,104,650,330,72,-1,0
4478,ONTARIO,ON,948,2020/11/02 12:00:00+00,77655,66407,826,3152,7,5174968,27908,8096,115,328,-322,75,3,0
4493,ONTARIO,ON,1050,2020/11/03 12:00:00+00,78705,67244,837,3166,14,5200247,25279,8295,199,357,29,73,-2,0
4508,ONTARIO,ON,987,2020/11/04 12:00:00+00,79692,68189,945,3182,16,5228814,28567,8321,26,367,10,75,2,0
4523,ONTARIO,ON,998,2020/11/05 12:00:00+00,80690,69137,948,3195,13,5264568,35754,8358,37,381,14,86,11,0
4538,ONTARIO,ON,1003,2020/11/06 12:00:00+00,81693,70086,949,3209,14,5305836,41268,8398,40,380,-1,86,0,0
4553,ONTARIO,ON,1132,2020/11/07 12:00:00+00,82825,70938,852,3220,11,5354001,48165,8667,269,384,4,88,2,0
4568,ONTARIO,ON,1328,2020/11/08 12:00:00+00,84153,71815,877,3233,13,5382578,28577,9105,438,374,-10,88,0,0
4598,ONTARIO,ON,1242,2020/11/09 12:00:00+00,85395,72636,821,3245,12,5410979,28401,9514,409,367,-7,84,-4,0
4628,ONTARIO,ON,1388,2020/11/10 12:00:00+00,86783,73417,781,3260,15,5440104,29125,10106,592,422,55,82,-2,0
4658,ONTARIO,ON,1426,2020/11/11 12:00:00+00,88209,74303,886,3275,15,5476811,36707,10631,525,424,2,88,6,0
4688,ONTARIO,ON,1575,2020/11/12 12:00:00+00,89784,75220,917,3293,18,5516370,39559,11271,640,431,7,98,10,0
4733,ONTARIO,ON,1396,2020/11/13 12:00:00+00,91180,76238,1018,3312,19,5556879,40509,11630,359,452,21,106,8,0
4763,ONTARIO,ON,1581,2020/11/14 12:00:00+00,92761,77241,1003,3332,20,5601716,44837,12188,558,502,50,107,1,0
4793,ONTARIO,ON,1248,2020/11/15 12:00:00+00,94009,78303,1062,3361,29,5601716,37778,12345,157,479,-23,118,11,0
4808,ONTARIO,ON,1487,2020/11/16 12:00:00+00,95496,79295,992,3371,10,5677273,75557,12830,485,500,21,125,7,0
4823,ONTARIO,ON,1249,2020/11/17 12:00:00+00,96745,80430,1135,3383,12,5703741,26468,12830,0,529,29,127,2,0
4838,ONTARIO,ON,1417,2020/11/18 12:00:00+00,98162,81925,1495,3415,32,5737181,33440,12822,-8,535,6,127,0,0
4853,ONTARIO,ON,1210,2020/11/19 12:00:00+00,99372,83301,1376,3443,28,5779019,41838,12628,-194,526,-9,146,19,0
4868,ONTARIO,ON,1418,2020/11/20 12:00:00+00,100790,84716,1415,3451,8,5827192,48173,12623,-5,518,-8,142,-4,0
4883,ONTARIO,ON,1588,2020/11/21 12:00:00+00,102378,86079,1363,3472,21,5873863,46671,12827,204,513,-5,146,4,0
4898,ONTARIO,ON,1534,2020/11/22 12:00:00+00,103912,87508,1429,3486,14,5920252,46389,12912,85,484,-29,147,1,0
4913,ONTARIO,ON,1589,2020/11/23 12:00:00+00,105501,88992,1484,3505,19,5957723,37471,13004,92,507,23,156,9,0
4928,ONTARIO,ON,1009,2020/11/24 12:00:00+00,106510,90074,1082,3519,14,5984776,27053,12917,-87,534,27,159,3,0
4943,ONTARIO,ON,1373,2020/11/25 12:00:00+00,107883,91550,1476,3554,35,6020852,36076,12779,-138,523,-11,159,0,0
4958,ONTARIO,ON,1478,2020/11/26 12:00:00+00,109361,92915,1365,3575,21,6068428,47576,12871,92,556,33,151,-8,0
4973,ONTARIO,ON,1855,2020/11/27 12:00:00+00,111216,94366,1451,3595,20,6126465,58037,13255,384,542,-14,151,0,0
4988,ONTARIO,ON,1822,2020/11/28 12:00:00+00,113038,95876,1510,3624,29,6181551,55086,13538,283,595,53,155,4,0
5003,ONTARIO,ON,1708,2020/11/29 12:00:00+00,114746,97319,1443,3648,24,6235310,53759,13779,241,586,-9,156,1,0
5018,ONTARIO,ON,1746,2020/11/30 12:00:00+00,116492,98639,1320,3656,8,6274916,39606,14197,418,618,32,168,12,0
